,Alto35,Bass35,HarmonicRhythm7,LocalKey38,PitchClassSet121,RomanNumeral31,Soprano35,Tenor35,TonicizedKey38,offset,measure
0,D,G,0,G,"(2, 7, 11)",I,G,B,G,0.0,0.0
1,D,G,1,G,"(2, 7, 11)",I,G,B,G,0.125,0.0
2,D,G,2,G,"(2, 7, 11)",I,G,B,G,0.25,0.0
3,D,G,2,G,"(2, 7, 11)",I,G,B,G,0.375,0.0
4,D,G,3,G,"(2, 7, 11)",I,G,B,G,0.5,0.0
5,D,G,3,G,"(2, 7, 11)",I,G,B,G,0.625,0.0
6,D,G,3,G,"(2, 7, 11)",I,G,B,G,0.75,0.0
7,D,G,3,G,"(2, 7, 11)",I,G,B,G,0.875,0.0
8,D,G,0,G,"(2, 7, 11)",I,G,B,G,1.0,1.0
9,D,G,1,G,"(2, 7, 11)",I,G,B,G,1.125,1.0
10,D,G,2,G,"(2, 7, 11)",I,G,B,G,1.25,1.0
11,D,G,2,G,"(2, 7, 11)",I,G,B,G,1.375,1.0
12,D,G,3,G,"(2, 7, 11)",I,G,B,G,1.5,1.0
13,D,G,3,G,"(2, 7, 11)",I,G,B,G,1.625,1.0
14,D,G,3,G,"(2, 7, 11)",I,G,B,G,1.75,1.0
15,D,G,3,G,"(2, 7, 11)",I,G,B,G,1.875,1.0
16,C,E,0,G,"(0, 4, 7)",IV,C,G,G,2.0,1.0
17,C,E,1,G,"(0, 4, 7)",IV,C,G,G,2.125,1.0
18,C,E,2,G,"(0, 4, 7)",IV,C,G,G,2.25,1.0
19,C,E,2,G,"(0, 4, 7)",IV,C,G,G,2.375,1.0
20,B,E,0,G,"(4, 7, 11)",vi,C,G,G,2.5,1.0
21,B,E,1,G,"(4, 7, 11)",vi,C,G,G,2.625,1.0
22,B,E,2,G,"(4, 7, 11)",vi,C,G,G,2.75,1.0
23,B,E,2,G,"(4, 7, 11)",vi,C,G,G,2.875,1.0
24,D,F#,0,G,"(2, 6, 9)",V,D,A,G,3.0,1.0
25,D,F#,1,G,"(2, 6, 9)",V,D,A,G,3.125,1.0
26,D,F#,2,G,"(2, 6, 9)",V,D,A,G,3.25,1.0
27,D,F#,2,G,"(2, 6, 9)",V,D,A,G,3.375,1.0
28,D,F#,3,G,"(2, 6, 9)",V,D,A,G,3.5,1.0
29,D,F#,3,G,"(2, 6, 9)",V,D,A,G,3.625,1.0
30,D,F#,3,G,"(2, 6, 9)",V,D,A,G,3.75,1.0
31,D,F#,3,G,"(2, 6, 9)",V,D,A,G,3.875,1.0
32,D,G,0,G,"(2, 7, 11)",I,G,B,G,4.0,2.0
33,D,G,1,G,"(2, 7, 11)",I,G,B,G,4.125,2.0
34,D,G,2,G,"(2, 7, 11)",I,G,B,G,4.25,2.0
35,D,G,2,G,"(2, 7, 11)",I,G,B,G,4.375,2.0
36,D,G,3,G,"(2, 7, 11)",I,G,B,G,4.5,2.0
37,D,G,3,G,"(2, 7, 11)",I,G,B,G,4.625,2.0
38,D,G,3,G,"(2, 7, 11)",I,G,B,G,4.75,2.0
39,D,G,3,G,"(2, 7, 11)",I,G,B,G,4.875,2.0
40,B,D,0,G,"(2, 6, 9)",V,D,F#,G,5.0,2.0
41,B,D,1,G,"(2, 6, 9)",V,B,F#,G,5.125,2.0
42,B,D,2,G,"(2, 6, 9)",V,B,F#,G,5.25,2.0
43,B,D,2,G,"(2, 6, 9)",V,B,F#,G,5.375,2.0
44,A,D,0,G,"(2, 6, 9)",V,D,F#,G,5.5,2.0
45,A,D,1,G,"(2, 6, 9)",V,D,F#,G,5.625,2.0
46,A,D,3,G,"(2, 6, 9)",V,D,F#,G,5.75,2.0
47,A,D,3,G,"(2, 6, 9)",V,D,F#,G,5.875,2.0
48,B,E,0,G,"(4, 7, 11)",vi,E,G,G,6.0,2.0
49,B,E,1,G,"(4, 7, 11)",vi,E,G,G,6.125,2.0
50,B,E,2,G,"(4, 7, 11)",vi,E,G,G,6.25,2.0
51,B,E,2,G,"(4, 7, 11)",vi,E,G,G,6.375,2.0
52,B,E,3,G,"(4, 7, 11)",vi,E,G,G,6.5,2.0
53,B,E,3,G,"(4, 7, 11)",vi,E,G,G,6.625,2.0
54,B,E,3,G,"(4, 7, 11)",vi,E,G,G,6.75,2.0
55,B,E,3,G,"(4, 7, 11)",vi,E,G,G,6.875,2.0
56,G,C,0,G,"(0, 4, 7)",IV,C,E,G,7.0,3.0
57,G,C,1,G,"(0, 4, 7)",IV,C,E,G,7.125,3.0
58,G,C,2,G,"(0, 4, 7)",IV,C,E,G,7.25,3.0
59,G,C,2,G,"(0, 4, 7)",IV,C,E,G,7.375,3.0
60,G,C,0,G,"(2, 7, 11)",I,G,E,G,7.5,3.0
61,G,C,1,G,"(2, 7, 11)",I,G,E,G,7.625,3.0
62,G,C,3,G,"(2, 7, 11)",I,G,E,G,7.75,3.0
63,G,C,3,G,"(2, 7, 11)",I,G,E,G,7.875,3.0
64,E,C,0,G,"(0, 4, 7, 11)",IV,G,C,G,8.0,3.0
65,E,C,1,G,"(0, 4, 7, 11)",IV,G,C,G,8.125,3.0
66,E,C,2,G,"(0, 4, 7, 11)",IV,G,C,G,8.25,3.0
67,E,C,2,G,"(0, 4, 7, 11)",IV,G,C,G,8.375,3.0
68,F#,A,0,G,"(0, 6, 9)",viio,F#,C,G,8.5,3.0
69,F#,A,1,G,"(0, 6, 9)",viio,F#,C,G,8.625,3.0
70,F#,A,2,G,"(0, 6, 9)",viio,F#,C,G,8.75,3.0
71,F#,A,2,G,"(0, 6, 9)",viio,F#,C,G,8.875,3.0
72,D,G,0,G,"(2, 7, 11)",I,G,B,G,9.0,3.0
73,D,G,1,G,"(2, 7, 11)",I,G,B,G,9.125,3.0
74,D,G,2,G,"(2, 7, 11)",I,G,B,G,9.25,3.0
75,D,G,2,G,"(2, 7, 11)",I,G,B,G,9.375,3.0
76,D,G,3,G,"(2, 7, 11)",I,G,B,G,9.5,3.0
77,D,G,3,G,"(2, 7, 11)",I,G,B,G,9.625,3.0
78,D,G,3,G,"(2, 7, 11)",I,G,B,G,9.75,3.0
79,D,G,3,G,"(2, 7, 11)",I,G,B,G,9.875,3.0
80,A,D,0,G,"(2, 6, 9)",I,D,F#,G,10.0,4.0
81,A,D,1,G,"(2, 6, 9)",I,D,F#,G,10.125,4.0
82,A,D,2,G,"(2, 6, 9)",I,D,F#,G,10.25,4.0
83,A,D,2,G,"(2, 6, 9)",I,D,F#,G,10.375,4.0
84,A,D,3,G,"(2, 6, 9)",I,D,F#,G,10.5,4.0
85,A,D,3,G,"(2, 6, 9)",I,D,F#,G,10.625,4.0
86,A,D,3,G,"(2, 6, 9)",I,D,F#,G,10.75,4.0
87,A,D,3,G,"(2, 6, 9)",I,D,F#,G,10.875,4.0
88,A,D,4,G,"(2, 6, 9)",I,D,F#,G,11.0,4.0
89,A,D,4,G,"(2, 6, 9)",I,D,F#,G,11.125,4.0
90,A,D,4,G,"(2, 6, 9)",I,D,F#,G,11.25,4.0
91,A,D,4,G,"(2, 6, 9)",I,D,F#,G,11.375,4.0
92,A,D,4,G,"(2, 6, 9)",I,D,F#,G,11.5,4.0
93,A,D,4,G,"(2, 6, 9)",I,D,F#,G,11.625,4.0
94,A,D,4,G,"(2, 6, 9)",I,D,F#,G,11.75,4.0
95,A,D,4,G,"(2, 6, 9)",I,D,F#,G,11.875,4.0
96,A,D,5,G,"(2, 6, 9)",I,D,F#,G,12.0,4.0
97,A,D,5,G,"(2, 6, 9)",I,D,F#,G,12.125,4.0
98,A,D,5,G,"(2, 6, 9)",I,D,F#,G,12.25,4.0
99,A,D,5,G,"(2, 6, 9)",I,D,F#,G,12.375,4.0
100,A,D,5,G,"(2, 6, 9)",I,D,F#,G,12.5,4.0
101,A,D,5,G,"(2, 6, 9)",I,D,F#,G,12.625,4.0
102,A,D,5,G,"(2, 6, 9)",I,D,F#,G,12.75,4.0
103,A,D,5,G,"(2, 6, 9)",I,D,F#,G,12.875,4.0
104,C--,C--,6,A,"(0, 1, 5, 8)",Cad,C--,C--,A,,
105,C--,C--,6,A,"(0, 1, 5, 8)",Cad,C--,C--,A,,
106,C--,C--,6,A,"(0, 1, 5, 8)",Cad,C--,C--,A,,
107,C--,C--,6,A,"(0, 1, 5, 8)",Cad,C--,C--,A,,
108,C--,C--,6,A,"(0, 1, 5, 8)",Cad,C--,C--,A,,
109,C--,C--,6,A,"(0, 1, 5, 8)",Cad,C--,C--,A,,
110,C--,C--,6,A,"(0, 1, 5, 8)",Cad,C--,C--,A,,
111,C--,C--,6,A,"(0, 1, 5, 8)",Cad,C--,C--,A,,
112,C--,C--,6,A,"(0, 1, 5, 8)",Cad,C--,C--,A,,
113,C--,C--,6,A,"(0, 1, 5, 8)",Cad,C--,C--,A,,
114,C--,C--,6,A,"(0, 1, 5, 8)",Cad,C--,C--,A,,
115,C--,C--,6,A,"(0, 1, 5, 8)",Cad,C--,C--,A,,
116,C--,C--,6,A,"(0, 1, 5, 8)",Cad,C--,C--,A,,
117,C--,C--,6,A,"(0, 1, 5, 8)",Cad,C--,C--,A,,
118,C--,C--,6,A,"(0, 1, 5, 8)",Cad,C--,C--,A,,
119,C--,C--,6,A,"(0, 1, 5, 8)",Cad,C--,C--,A,,
120,C--,C--,6,A,"(0, 1, 5, 8)",Cad,C--,C--,A,,
121,C--,C--,6,A,"(0, 1, 5, 8)",Cad,C--,C--,A,,
122,C--,C--,6,A,"(0, 1, 5, 8)",Cad,C--,C--,A,,
123,C--,C--,6,A,"(0, 1, 5, 8)",Cad,C--,C--,A,,
124,C--,C--,6,A,"(0, 1, 5, 8)",Cad,C--,C--,A,,
125,C--,C--,6,A,"(0, 1, 5, 8)",Cad,C--,C--,A,,
126,C--,C--,6,A,"(0, 1, 5, 8)",Cad,C--,C--,A,,
127,C--,C--,6,A,"(0, 1, 5, 8)",Cad,C--,C--,A,,
128,C--,C--,6,A,"(0, 1, 5, 8)",Cad,C--,C--,A,,
129,C--,C--,6,A,"(0, 1, 5, 8)",Cad,C--,C--,A,,
130,C--,C--,6,A,"(0, 1, 5, 8)",Cad,C--,C--,A,,
131,C--,C--,6,A,"(0, 1, 5, 8)",Cad,C--,C--,A,,
132,C--,C--,6,A,"(0, 1, 5, 8)",Cad,C--,C--,A,,
133,C--,C--,6,A,"(0, 1, 5, 8)",Cad,C--,C--,A,,
134,C--,C--,6,A,"(0, 1, 5, 8)",Cad,C--,C--,A,,
135,C--,C--,6,A,"(0, 1, 5, 8)",Cad,C--,C--,A,,
136,C--,C--,6,A,"(0, 1, 5, 8)",Cad,C--,C--,A,,
137,C--,C--,6,A,"(0, 1, 5, 8)",Cad,C--,C--,A,,
138,C--,C--,6,A,"(0, 1, 5, 8)",Cad,C--,C--,A,,
139,C--,C--,6,A,"(0, 1, 5, 8)",Cad,C--,C--,A,,
140,C--,C--,6,A,"(0, 1, 5, 8)",Cad,C--,C--,A,,
141,C--,C--,6,A,"(0, 1, 5, 8)",Cad,C--,C--,A,,
142,C--,C--,6,A,"(0, 1, 5, 8)",Cad,C--,C--,A,,
143,C--,C--,6,A,"(0, 1, 5, 8)",Cad,C--,C--,A,,
144,C--,C--,6,A,"(0, 1, 5, 8)",Cad,C--,C--,A,,
145,C--,C--,6,A,"(0, 1, 5, 8)",Cad,C--,C--,A,,
146,C--,C--,6,A,"(0, 1, 5, 8)",Cad,C--,C--,A,,
147,C--,C--,6,A,"(0, 1, 5, 8)",Cad,C--,C--,A,,
148,C--,C--,6,A,"(0, 1, 5, 8)",Cad,C--,C--,A,,
149,C--,C--,6,A,"(0, 1, 5, 8)",Cad,C--,C--,A,,
150,C--,C--,6,A,"(0, 1, 5, 8)",Cad,C--,C--,A,,
151,C--,C--,6,A,"(0, 1, 5, 8)",Cad,C--,C--,A,,
152,C--,C--,6,A,"(0, 1, 5, 8)",Cad,C--,C--,A,,
153,C--,C--,6,A,"(0, 1, 5, 8)",Cad,C--,C--,A,,
154,C--,C--,6,A,"(0, 1, 5, 8)",Cad,C--,C--,A,,
155,C--,C--,6,A,"(0, 1, 5, 8)",Cad,C--,C--,A,,
156,C--,C--,6,A,"(0, 1, 5, 8)",Cad,C--,C--,A,,
157,C--,C--,6,A,"(0, 1, 5, 8)",Cad,C--,C--,A,,
158,C--,C--,6,A,"(0, 1, 5, 8)",Cad,C--,C--,A,,
159,C--,C--,6,A,"(0, 1, 5, 8)",Cad,C--,C--,A,,
160,C--,C--,6,A,"(0, 1, 5, 8)",Cad,C--,C--,A,,
161,C--,C--,6,A,"(0, 1, 5, 8)",Cad,C--,C--,A,,
162,C--,C--,6,A,"(0, 1, 5, 8)",Cad,C--,C--,A,,
163,C--,C--,6,A,"(0, 1, 5, 8)",Cad,C--,C--,A,,
164,C--,C--,6,A,"(0, 1, 5, 8)",Cad,C--,C--,A,,
165,C--,C--,6,A,"(0, 1, 5, 8)",Cad,C--,C--,A,,
166,C--,C--,6,A,"(0, 1, 5, 8)",Cad,C--,C--,A,,
167,C--,C--,6,A,"(0, 1, 5, 8)",Cad,C--,C--,A,,
168,C--,C--,6,A,"(0, 1, 5, 8)",Cad,C--,C--,A,,
169,C--,C--,6,A,"(0, 1, 5, 8)",Cad,C--,C--,A,,
170,C--,C--,6,A,"(0, 1, 5, 8)",Cad,C--,C--,A,,
171,C--,C--,6,A,"(0, 1, 5, 8)",Cad,C--,C--,A,,
172,C--,C--,6,A,"(0, 1, 5, 8)",Cad,C--,C--,A,,
173,C--,C--,6,A,"(0, 1, 5, 8)",Cad,C--,C--,A,,
174,C--,C--,6,A,"(0, 1, 5, 8)",Cad,C--,C--,A,,
175,C--,C--,6,A,"(0, 1, 5, 8)",Cad,C--,C--,A,,
176,C--,C--,6,A,"(0, 1, 5, 8)",Cad,C--,C--,A,,
177,C--,C--,6,A,"(0, 1, 5, 8)",Cad,C--,C--,A,,
178,C--,C--,6,A,"(0, 1, 5, 8)",Cad,C--,C--,A,,
179,C--,C--,6,A,"(0, 1, 5, 8)",Cad,C--,C--,A,,
180,C--,C--,6,A,"(0, 1, 5, 8)",Cad,C--,C--,A,,
181,C--,C--,6,A,"(0, 1, 5, 8)",Cad,C--,C--,A,,
182,C--,C--,6,A,"(0, 1, 5, 8)",Cad,C--,C--,A,,
183,C--,C--,6,A,"(0, 1, 5, 8)",Cad,C--,C--,A,,
184,C--,C--,6,A,"(0, 1, 5, 8)",Cad,C--,C--,A,,
185,C--,C--,6,A,"(0, 1, 5, 8)",Cad,C--,C--,A,,
186,C--,C--,6,A,"(0, 1, 5, 8)",Cad,C--,C--,A,,
187,C--,C--,6,A,"(0, 1, 5, 8)",Cad,C--,C--,A,,
188,C--,C--,6,A,"(0, 1, 5, 8)",Cad,C--,C--,A,,
189,C--,C--,6,A,"(0, 1, 5, 8)",Cad,C--,C--,A,,
190,C--,C--,6,A,"(0, 1, 5, 8)",Cad,C--,C--,A,,
191,C--,C--,6,A,"(0, 1, 5, 8)",Cad,C--,C--,A,,
192,C--,C--,6,A,"(0, 1, 5, 8)",Cad,C--,C--,A,,
193,C--,C--,6,A,"(0, 1, 5, 8)",Cad,C--,C--,A,,
194,C--,C--,6,A,"(0, 1, 5, 8)",Cad,C--,C--,A,,
195,C--,C--,6,A,"(0, 1, 5, 8)",Cad,C--,C--,A,,
196,C--,C--,6,A,"(0, 1, 5, 8)",Cad,C--,C--,A,,
197,C--,C--,6,A,"(0, 1, 5, 8)",Cad,C--,C--,A,,
198,C--,C--,6,A,"(0, 1, 5, 8)",Cad,C--,C--,A,,
199,C--,C--,6,A,"(0, 1, 5, 8)",Cad,C--,C--,A,,
200,C--,C--,6,A,"(0, 1, 5, 8)",Cad,C--,C--,A,,
201,C--,C--,6,A,"(0, 1, 5, 8)",Cad,C--,C--,A,,
202,C--,C--,6,A,"(0, 1, 5, 8)",Cad,C--,C--,A,,
203,C--,C--,6,A,"(0, 1, 5, 8)",Cad,C--,C--,A,,
204,C--,C--,6,A,"(0, 1, 5, 8)",Cad,C--,C--,A,,
205,C--,C--,6,A,"(0, 1, 5, 8)",Cad,C--,C--,A,,
206,C--,C--,6,A,"(0, 1, 5, 8)",Cad,C--,C--,A,,
207,C--,C--,6,A,"(0, 1, 5, 8)",Cad,C--,C--,A,,
208,C--,C--,6,A,"(0, 1, 5, 8)",Cad,C--,C--,A,,
209,C--,C--,6,A,"(0, 1, 5, 8)",Cad,C--,C--,A,,
210,C--,C--,6,A,"(0, 1, 5, 8)",Cad,C--,C--,A,,
211,C--,C--,6,A,"(0, 1, 5, 8)",Cad,C--,C--,A,,
212,C--,C--,6,A,"(0, 1, 5, 8)",Cad,C--,C--,A,,
213,C--,C--,6,A,"(0, 1, 5, 8)",Cad,C--,C--,A,,
214,C--,C--,6,A,"(0, 1, 5, 8)",Cad,C--,C--,A,,
215,C--,C--,6,A,"(0, 1, 5, 8)",Cad,C--,C--,A,,
216,C--,C--,6,A,"(0, 1, 5, 8)",Cad,C--,C--,A,,
217,C--,C--,6,A,"(0, 1, 5, 8)",Cad,C--,C--,A,,
218,C--,C--,6,A,"(0, 1, 5, 8)",Cad,C--,C--,A,,
219,C--,C--,6,A,"(0, 1, 5, 8)",Cad,C--,C--,A,,
220,C--,C--,6,A,"(0, 1, 5, 8)",Cad,C--,C--,A,,
221,C--,C--,6,A,"(0, 1, 5, 8)",Cad,C--,C--,A,,
222,C--,C--,6,A,"(0, 1, 5, 8)",Cad,C--,C--,A,,
223,C--,C--,6,A,"(0, 1, 5, 8)",Cad,C--,C--,A,,
224,C--,C--,6,A,"(0, 1, 5, 8)",Cad,C--,C--,A,,
225,C--,C--,6,A,"(0, 1, 5, 8)",Cad,C--,C--,A,,
226,C--,C--,6,A,"(0, 1, 5, 8)",Cad,C--,C--,A,,
227,C--,C--,6,A,"(0, 1, 5, 8)",Cad,C--,C--,A,,
228,C--,C--,6,A,"(0, 1, 5, 8)",Cad,C--,C--,A,,
229,C--,C--,6,A,"(0, 1, 5, 8)",Cad,C--,C--,A,,
230,C--,C--,6,A,"(0, 1, 5, 8)",Cad,C--,C--,A,,
231,C--,C--,6,A,"(0, 1, 5, 8)",Cad,C--,C--,A,,
232,C--,C--,6,A,"(0, 1, 5, 8)",Cad,C--,C--,A,,
233,C--,C--,6,A,"(0, 1, 5, 8)",Cad,C--,C--,A,,
234,C--,C--,6,A,"(0, 1, 5, 8)",Cad,C--,C--,A,,
235,C--,C--,6,A,"(0, 1, 5, 8)",Cad,C--,C--,A,,
236,C--,C--,6,A,"(0, 1, 5, 8)",Cad,C--,C--,A,,
237,C--,C--,6,A,"(0, 1, 5, 8)",Cad,C--,C--,A,,
238,C--,C--,6,A,"(0, 1, 5, 8)",Cad,C--,C--,A,,
239,C--,C--,6,A,"(0, 1, 5, 8)",Cad,C--,C--,A,,
240,C--,C--,6,A,"(0, 1, 5, 8)",Cad,C--,C--,A,,
241,C--,C--,6,A,"(0, 1, 5, 8)",Cad,C--,C--,A,,
242,C--,C--,6,A,"(0, 1, 5, 8)",Cad,C--,C--,A,,
243,C--,C--,6,A,"(0, 1, 5, 8)",Cad,C--,C--,A,,
244,C--,C--,6,A,"(0, 1, 5, 8)",Cad,C--,C--,A,,
245,C--,C--,6,A,"(0, 1, 5, 8)",Cad,C--,C--,A,,
246,C--,C--,6,A,"(0, 1, 5, 8)",Cad,C--,C--,A,,
247,C--,C--,6,A,"(0, 1, 5, 8)",Cad,C--,C--,A,,
248,C--,C--,6,A,"(0, 1, 5, 8)",Cad,C--,C--,A,,
249,C--,C--,6,A,"(0, 1, 5, 8)",Cad,C--,C--,A,,
250,C--,C--,6,A,"(0, 1, 5, 8)",Cad,C--,C--,A,,
251,C--,C--,6,A,"(0, 1, 5, 8)",Cad,C--,C--,A,,
252,C--,C--,6,A,"(0, 1, 5, 8)",Cad,C--,C--,A,,
253,C--,C--,6,A,"(0, 1, 5, 8)",Cad,C--,C--,A,,
254,C--,C--,6,A,"(0, 1, 5, 8)",Cad,C--,C--,A,,
255,C--,C--,6,A,"(0, 1, 5, 8)",Cad,C--,C--,A,,
256,C--,C--,6,A,"(0, 1, 5, 8)",Cad,C--,C--,A,,
257,C--,C--,6,A,"(0, 1, 5, 8)",Cad,C--,C--,A,,
258,C--,C--,6,A,"(0, 1, 5, 8)",Cad,C--,C--,A,,
259,C--,C--,6,A,"(0, 1, 5, 8)",Cad,C--,C--,A,,
260,C--,C--,6,A,"(0, 1, 5, 8)",Cad,C--,C--,A,,
261,C--,C--,6,A,"(0, 1, 5, 8)",Cad,C--,C--,A,,
262,C--,C--,6,A,"(0, 1, 5, 8)",Cad,C--,C--,A,,
263,C--,C--,6,A,"(0, 1, 5, 8)",Cad,C--,C--,A,,
264,C--,C--,6,A,"(0, 1, 5, 8)",Cad,C--,C--,A,,
265,C--,C--,6,A,"(0, 1, 5, 8)",Cad,C--,C--,A,,
266,C--,C--,6,A,"(0, 1, 5, 8)",Cad,C--,C--,A,,
267,C--,C--,6,A,"(0, 1, 5, 8)",Cad,C--,C--,A,,
268,C--,C--,6,A,"(0, 1, 5, 8)",Cad,C--,C--,A,,
269,C--,C--,6,A,"(0, 1, 5, 8)",Cad,C--,C--,A,,
270,C--,C--,6,A,"(0, 1, 5, 8)",Cad,C--,C--,A,,
271,C--,C--,6,A,"(0, 1, 5, 8)",Cad,C--,C--,A,,
272,C--,C--,6,A,"(0, 1, 5, 8)",Cad,C--,C--,A,,
273,C--,C--,6,A,"(0, 1, 5, 8)",Cad,C--,C--,A,,
274,C--,C--,6,A,"(0, 1, 5, 8)",Cad,C--,C--,A,,
275,C--,C--,6,A,"(0, 1, 5, 8)",Cad,C--,C--,A,,
276,C--,C--,6,A,"(0, 1, 5, 8)",Cad,C--,C--,A,,
277,C--,C--,6,A,"(0, 1, 5, 8)",Cad,C--,C--,A,,
278,C--,C--,6,A,"(0, 1, 5, 8)",Cad,C--,C--,A,,
279,C--,C--,6,A,"(0, 1, 5, 8)",Cad,C--,C--,A,,
280,C--,C--,6,A,"(0, 1, 5, 8)",Cad,C--,C--,A,,
281,C--,C--,6,A,"(0, 1, 5, 8)",Cad,C--,C--,A,,
282,C--,C--,6,A,"(0, 1, 5, 8)",Cad,C--,C--,A,,
283,C--,C--,6,A,"(0, 1, 5, 8)",Cad,C--,C--,A,,
284,C--,C--,6,A,"(0, 1, 5, 8)",Cad,C--,C--,A,,
285,C--,C--,6,A,"(0, 1, 5, 8)",Cad,C--,C--,A,,
286,C--,C--,6,A,"(0, 1, 5, 8)",Cad,C--,C--,A,,
287,C--,C--,6,A,"(0, 1, 5, 8)",Cad,C--,C--,A,,
288,C--,C--,6,A,"(0, 1, 5, 8)",Cad,C--,C--,A,,
289,C--,C--,6,A,"(0, 1, 5, 8)",Cad,C--,C--,A,,
290,C--,C--,6,A,"(0, 1, 5, 8)",Cad,C--,C--,A,,
291,C--,C--,6,A,"(0, 1, 5, 8)",Cad,C--,C--,A,,
292,C--,C--,6,A,"(0, 1, 5, 8)",Cad,C--,C--,A,,
293,C--,C--,6,A,"(0, 1, 5, 8)",Cad,C--,C--,A,,
294,C--,C--,6,A,"(0, 1, 5, 8)",Cad,C--,C--,A,,
295,C--,C--,6,A,"(0, 1, 5, 8)",Cad,C--,C--,A,,
296,C--,C--,6,A,"(0, 1, 5, 8)",Cad,C--,C--,A,,
297,C--,C--,6,A,"(0, 1, 5, 8)",Cad,C--,C--,A,,
298,C--,C--,6,A,"(0, 1, 5, 8)",Cad,C--,C--,A,,
299,C--,C--,6,A,"(0, 1, 5, 8)",Cad,C--,C--,A,,
300,C--,C--,6,A,"(0, 1, 5, 8)",Cad,C--,C--,A,,
301,C--,C--,6,A,"(0, 1, 5, 8)",Cad,C--,C--,A,,
302,C--,C--,6,A,"(0, 1, 5, 8)",Cad,C--,C--,A,,
303,C--,C--,6,A,"(0, 1, 5, 8)",Cad,C--,C--,A,,
304,C--,C--,6,A,"(0, 1, 5, 8)",Cad,C--,C--,A,,
305,C--,C--,6,A,"(0, 1, 5, 8)",Cad,C--,C--,A,,
306,C--,C--,6,A,"(0, 1, 5, 8)",Cad,C--,C--,A,,
307,C--,C--,6,A,"(0, 1, 5, 8)",Cad,C--,C--,A,,
308,C--,C--,6,A,"(0, 1, 5, 8)",Cad,C--,C--,A,,
309,C--,C--,6,A,"(0, 1, 5, 8)",Cad,C--,C--,A,,
310,C--,C--,6,A,"(0, 1, 5, 8)",Cad,C--,C--,A,,
311,C--,C--,6,A,"(0, 1, 5, 8)",Cad,C--,C--,A,,
312,C--,C--,6,A,"(0, 1, 5, 8)",Cad,C--,C--,A,,
313,C--,C--,6,A,"(0, 1, 5, 8)",Cad,C--,C--,A,,
314,C--,C--,6,A,"(0, 1, 5, 8)",Cad,C--,C--,A,,
315,C--,C--,6,A,"(0, 1, 5, 8)",Cad,C--,C--,A,,
316,C--,C--,6,A,"(0, 1, 5, 8)",Cad,C--,C--,A,,
317,C--,C--,6,A,"(0, 1, 5, 8)",Cad,C--,C--,A,,
318,C--,C--,6,A,"(0, 1, 5, 8)",Cad,C--,C--,A,,
319,C--,C--,6,A,"(0, 1, 5, 8)",Cad,C--,C--,A,,
320,C--,C--,6,A,"(0, 1, 5, 8)",Cad,C--,C--,A,,
321,C--,C--,6,A,"(0, 1, 5, 8)",Cad,C--,C--,A,,
322,C--,C--,6,A,"(0, 1, 5, 8)",Cad,C--,C--,A,,
323,C--,C--,6,A,"(0, 1, 5, 8)",Cad,C--,C--,A,,
324,C--,C--,6,A,"(0, 1, 5, 8)",Cad,C--,C--,A,,
325,C--,C--,6,A,"(0, 1, 5, 8)",Cad,C--,C--,A,,
326,C--,C--,6,A,"(0, 1, 5, 8)",Cad,C--,C--,A,,
327,C--,C--,6,A,"(0, 1, 5, 8)",Cad,C--,C--,A,,
328,C--,C--,6,A,"(0, 1, 5, 8)",Cad,C--,C--,A,,
329,C--,C--,6,A,"(0, 1, 5, 8)",Cad,C--,C--,A,,
330,C--,C--,6,A,"(0, 1, 5, 8)",Cad,C--,C--,A,,
331,C--,C--,6,A,"(0, 1, 5, 8)",Cad,C--,C--,A,,
332,C--,C--,6,A,"(0, 1, 5, 8)",Cad,C--,C--,A,,
333,C--,C--,6,A,"(0, 1, 5, 8)",Cad,C--,C--,A,,
334,C--,C--,6,A,"(0, 1, 5, 8)",Cad,C--,C--,A,,
335,C--,C--,6,A,"(0, 1, 5, 8)",Cad,C--,C--,A,,
336,C--,C--,6,A,"(0, 1, 5, 8)",Cad,C--,C--,A,,
337,C--,C--,6,A,"(0, 1, 5, 8)",Cad,C--,C--,A,,
338,C--,C--,6,A,"(0, 1, 5, 8)",Cad,C--,C--,A,,
339,C--,C--,6,A,"(0, 1, 5, 8)",Cad,C--,C--,A,,
340,C--,C--,6,A,"(0, 1, 5, 8)",Cad,C--,C--,A,,
341,C--,C--,6,A,"(0, 1, 5, 8)",Cad,C--,C--,A,,
342,C--,C--,6,A,"(0, 1, 5, 8)",Cad,C--,C--,A,,
343,C--,C--,6,A,"(0, 1, 5, 8)",Cad,C--,C--,A,,
344,C--,C--,6,A,"(0, 1, 5, 8)",Cad,C--,C--,A,,
345,C--,C--,6,A,"(0, 1, 5, 8)",Cad,C--,C--,A,,
346,C--,C--,6,A,"(0, 1, 5, 8)",Cad,C--,C--,A,,
347,C--,C--,6,A,"(0, 1, 5, 8)",Cad,C--,C--,A,,
348,C--,C--,6,A,"(0, 1, 5, 8)",Cad,C--,C--,A,,
349,C--,C--,6,A,"(0, 1, 5, 8)",Cad,C--,C--,A,,
350,C--,C--,6,A,"(0, 1, 5, 8)",Cad,C--,C--,A,,
351,C--,C--,6,A,"(0, 1, 5, 8)",Cad,C--,C--,A,,
352,C--,C--,6,A,"(0, 1, 5, 8)",Cad,C--,C--,A,,
353,C--,C--,6,A,"(0, 1, 5, 8)",Cad,C--,C--,A,,
354,C--,C--,6,A,"(0, 1, 5, 8)",Cad,C--,C--,A,,
355,C--,C--,6,A,"(0, 1, 5, 8)",Cad,C--,C--,A,,
356,C--,C--,6,A,"(0, 1, 5, 8)",Cad,C--,C--,A,,
357,C--,C--,6,A,"(0, 1, 5, 8)",Cad,C--,C--,A,,
358,C--,C--,6,A,"(0, 1, 5, 8)",Cad,C--,C--,A,,
359,C--,C--,6,A,"(0, 1, 5, 8)",Cad,C--,C--,A,,
360,C--,C--,6,A,"(0, 1, 5, 8)",Cad,C--,C--,A,,
361,C--,C--,6,A,"(0, 1, 5, 8)",Cad,C--,C--,A,,
362,C--,C--,6,A,"(0, 1, 5, 8)",Cad,C--,C--,A,,
363,C--,C--,6,A,"(0, 1, 5, 8)",Cad,C--,C--,A,,
364,C--,C--,6,A,"(0, 1, 5, 8)",Cad,C--,C--,A,,
365,C--,C--,6,A,"(0, 1, 5, 8)",Cad,C--,C--,A,,
366,C--,C--,6,A,"(0, 1, 5, 8)",Cad,C--,C--,A,,
367,C--,C--,6,A,"(0, 1, 5, 8)",Cad,C--,C--,A,,
368,C--,C--,6,A,"(0, 1, 5, 8)",Cad,C--,C--,A,,
369,C--,C--,6,A,"(0, 1, 5, 8)",Cad,C--,C--,A,,
370,C--,C--,6,A,"(0, 1, 5, 8)",Cad,C--,C--,A,,
371,C--,C--,6,A,"(0, 1, 5, 8)",Cad,C--,C--,A,,
372,C--,C--,6,A,"(0, 1, 5, 8)",Cad,C--,C--,A,,
373,C--,C--,6,A,"(0, 1, 5, 8)",Cad,C--,C--,A,,
374,C--,C--,6,A,"(0, 1, 5, 8)",Cad,C--,C--,A,,
375,C--,C--,6,A,"(0, 1, 5, 8)",Cad,C--,C--,A,,
376,C--,C--,6,A,"(0, 1, 5, 8)",Cad,C--,C--,A,,
377,C--,C--,6,A,"(0, 1, 5, 8)",Cad,C--,C--,A,,
378,C--,C--,6,A,"(0, 1, 5, 8)",Cad,C--,C--,A,,
379,C--,C--,6,A,"(0, 1, 5, 8)",Cad,C--,C--,A,,
380,C--,C--,6,A,"(0, 1, 5, 8)",Cad,C--,C--,A,,
381,C--,C--,6,A,"(0, 1, 5, 8)",Cad,C--,C--,A,,
382,C--,C--,6,A,"(0, 1, 5, 8)",Cad,C--,C--,A,,
383,C--,C--,6,A,"(0, 1, 5, 8)",Cad,C--,C--,A,,
384,C--,C--,6,A,"(0, 1, 5, 8)",Cad,C--,C--,A,,
385,C--,C--,6,A,"(0, 1, 5, 8)",Cad,C--,C--,A,,
386,C--,C--,6,A,"(0, 1, 5, 8)",Cad,C--,C--,A,,
387,C--,C--,6,A,"(0, 1, 5, 8)",Cad,C--,C--,A,,
388,C--,C--,6,A,"(0, 1, 5, 8)",Cad,C--,C--,A,,
389,C--,C--,6,A,"(0, 1, 5, 8)",Cad,C--,C--,A,,
390,C--,C--,6,A,"(0, 1, 5, 8)",Cad,C--,C--,A,,
391,C--,C--,6,A,"(0, 1, 5, 8)",Cad,C--,C--,A,,
392,C--,C--,6,A,"(0, 1, 5, 8)",Cad,C--,C--,A,,
393,C--,C--,6,A,"(0, 1, 5, 8)",Cad,C--,C--,A,,
394,C--,C--,6,A,"(0, 1, 5, 8)",Cad,C--,C--,A,,
395,C--,C--,6,A,"(0, 1, 5, 8)",Cad,C--,C--,A,,
396,C--,C--,6,A,"(0, 1, 5, 8)",Cad,C--,C--,A,,
397,C--,C--,6,A,"(0, 1, 5, 8)",Cad,C--,C--,A,,
398,C--,C--,6,A,"(0, 1, 5, 8)",Cad,C--,C--,A,,
399,C--,C--,6,A,"(0, 1, 5, 8)",Cad,C--,C--,A,,
400,C--,C--,6,A,"(0, 1, 5, 8)",Cad,C--,C--,A,,
401,C--,C--,6,A,"(0, 1, 5, 8)",Cad,C--,C--,A,,
402,C--,C--,6,A,"(0, 1, 5, 8)",Cad,C--,C--,A,,
403,C--,C--,6,A,"(0, 1, 5, 8)",Cad,C--,C--,A,,
404,C--,C--,6,A,"(0, 1, 5, 8)",Cad,C--,C--,A,,
405,C--,C--,6,A,"(0, 1, 5, 8)",Cad,C--,C--,A,,
406,C--,C--,6,A,"(0, 1, 5, 8)",Cad,C--,C--,A,,
407,C--,C--,6,A,"(0, 1, 5, 8)",Cad,C--,C--,A,,
408,C--,C--,6,A,"(0, 1, 5, 8)",Cad,C--,C--,A,,
409,C--,C--,6,A,"(0, 1, 5, 8)",Cad,C--,C--,A,,
410,C--,C--,6,A,"(0, 1, 5, 8)",Cad,C--,C--,A,,
411,C--,C--,6,A,"(0, 1, 5, 8)",Cad,C--,C--,A,,
412,C--,C--,6,A,"(0, 1, 5, 8)",Cad,C--,C--,A,,
413,C--,C--,6,A,"(0, 1, 5, 8)",Cad,C--,C--,A,,
414,C--,C--,6,A,"(0, 1, 5, 8)",Cad,C--,C--,A,,
415,C--,C--,6,A,"(0, 1, 5, 8)",Cad,C--,C--,A,,
416,C--,C--,6,A,"(0, 1, 5, 8)",Cad,C--,C--,A,,
417,C--,C--,6,A,"(0, 1, 5, 8)",Cad,C--,C--,A,,
418,C--,C--,6,A,"(0, 1, 5, 8)",Cad,C--,C--,A,,
419,C--,C--,6,A,"(0, 1, 5, 8)",Cad,C--,C--,A,,
420,C--,C--,6,A,"(0, 1, 5, 8)",Cad,C--,C--,A,,
421,C--,C--,6,A,"(0, 1, 5, 8)",Cad,C--,C--,A,,
422,C--,C--,6,A,"(0, 1, 5, 8)",Cad,C--,C--,A,,
423,C--,C--,6,A,"(0, 1, 5, 8)",Cad,C--,C--,A,,
424,C--,C--,6,A,"(0, 1, 5, 8)",Cad,C--,C--,A,,
425,C--,C--,6,A,"(0, 1, 5, 8)",Cad,C--,C--,A,,
426,C--,C--,6,A,"(0, 1, 5, 8)",Cad,C--,C--,A,,
427,C--,C--,6,A,"(0, 1, 5, 8)",Cad,C--,C--,A,,
428,C--,C--,6,A,"(0, 1, 5, 8)",Cad,C--,C--,A,,
429,C--,C--,6,A,"(0, 1, 5, 8)",Cad,C--,C--,A,,
430,C--,C--,6,A,"(0, 1, 5, 8)",Cad,C--,C--,A,,
431,C--,C--,6,A,"(0, 1, 5, 8)",Cad,C--,C--,A,,
432,C--,C--,6,A,"(0, 1, 5, 8)",Cad,C--,C--,A,,
433,C--,C--,6,A,"(0, 1, 5, 8)",Cad,C--,C--,A,,
434,C--,C--,6,A,"(0, 1, 5, 8)",Cad,C--,C--,A,,
435,C--,C--,6,A,"(0, 1, 5, 8)",Cad,C--,C--,A,,
436,C--,C--,6,A,"(0, 1, 5, 8)",Cad,C--,C--,A,,
437,C--,C--,6,A,"(0, 1, 5, 8)",Cad,C--,C--,A,,
438,C--,C--,6,A,"(0, 1, 5, 8)",Cad,C--,C--,A,,
439,C--,C--,6,A,"(0, 1, 5, 8)",Cad,C--,C--,A,,
440,C--,C--,6,A,"(0, 1, 5, 8)",Cad,C--,C--,A,,
441,C--,C--,6,A,"(0, 1, 5, 8)",Cad,C--,C--,A,,
442,C--,C--,6,A,"(0, 1, 5, 8)",Cad,C--,C--,A,,
443,C--,C--,6,A,"(0, 1, 5, 8)",Cad,C--,C--,A,,
444,C--,C--,6,A,"(0, 1, 5, 8)",Cad,C--,C--,A,,
445,C--,C--,6,A,"(0, 1, 5, 8)",Cad,C--,C--,A,,
446,C--,C--,6,A,"(0, 1, 5, 8)",Cad,C--,C--,A,,
447,C--,C--,6,A,"(0, 1, 5, 8)",Cad,C--,C--,A,,
448,C--,C--,6,A,"(0, 1, 5, 8)",Cad,C--,C--,A,,
449,C--,C--,6,A,"(0, 1, 5, 8)",Cad,C--,C--,A,,
450,C--,C--,6,A,"(0, 1, 5, 8)",Cad,C--,C--,A,,
451,C--,C--,6,A,"(0, 1, 5, 8)",Cad,C--,C--,A,,
452,C--,C--,6,A,"(0, 1, 5, 8)",Cad,C--,C--,A,,
453,C--,C--,6,A,"(0, 1, 5, 8)",Cad,C--,C--,A,,
454,C--,C--,6,A,"(0, 1, 5, 8)",Cad,C--,C--,A,,
455,C--,C--,6,A,"(0, 1, 5, 8)",Cad,C--,C--,A,,
456,C--,C--,6,A,"(0, 1, 5, 8)",Cad,C--,C--,A,,
457,C--,C--,6,A,"(0, 1, 5, 8)",Cad,C--,C--,A,,
458,C--,C--,6,A,"(0, 1, 5, 8)",Cad,C--,C--,A,,
459,C--,C--,6,A,"(0, 1, 5, 8)",Cad,C--,C--,A,,
460,C--,C--,6,A,"(0, 1, 5, 8)",Cad,C--,C--,A,,
461,C--,C--,6,A,"(0, 1, 5, 8)",Cad,C--,C--,A,,
462,C--,C--,6,A,"(0, 1, 5, 8)",Cad,C--,C--,A,,
463,C--,C--,6,A,"(0, 1, 5, 8)",Cad,C--,C--,A,,
464,C--,C--,6,A,"(0, 1, 5, 8)",Cad,C--,C--,A,,
465,C--,C--,6,A,"(0, 1, 5, 8)",Cad,C--,C--,A,,
466,C--,C--,6,A,"(0, 1, 5, 8)",Cad,C--,C--,A,,
467,C--,C--,6,A,"(0, 1, 5, 8)",Cad,C--,C--,A,,
468,C--,C--,6,A,"(0, 1, 5, 8)",Cad,C--,C--,A,,
469,C--,C--,6,A,"(0, 1, 5, 8)",Cad,C--,C--,A,,
470,C--,C--,6,A,"(0, 1, 5, 8)",Cad,C--,C--,A,,
471,C--,C--,6,A,"(0, 1, 5, 8)",Cad,C--,C--,A,,
472,C--,C--,6,A,"(0, 1, 5, 8)",Cad,C--,C--,A,,
473,C--,C--,6,A,"(0, 1, 5, 8)",Cad,C--,C--,A,,
474,C--,C--,6,A,"(0, 1, 5, 8)",Cad,C--,C--,A,,
475,C--,C--,6,A,"(0, 1, 5, 8)",Cad,C--,C--,A,,
476,C--,C--,6,A,"(0, 1, 5, 8)",Cad,C--,C--,A,,
477,C--,C--,6,A,"(0, 1, 5, 8)",Cad,C--,C--,A,,
478,C--,C--,6,A,"(0, 1, 5, 8)",Cad,C--,C--,A,,
479,C--,C--,6,A,"(0, 1, 5, 8)",Cad,C--,C--,A,,
480,C--,C--,6,A,"(0, 1, 5, 8)",Cad,C--,C--,A,,
481,C--,C--,6,A,"(0, 1, 5, 8)",Cad,C--,C--,A,,
482,C--,C--,6,A,"(0, 1, 5, 8)",Cad,C--,C--,A,,
483,C--,C--,6,A,"(0, 1, 5, 8)",Cad,C--,C--,A,,
484,C--,C--,6,A,"(0, 1, 5, 8)",Cad,C--,C--,A,,
485,C--,C--,6,A,"(0, 1, 5, 8)",Cad,C--,C--,A,,
486,C--,C--,6,A,"(0, 1, 5, 8)",Cad,C--,C--,A,,
487,C--,C--,6,A,"(0, 1, 5, 8)",Cad,C--,C--,A,,
488,C--,C--,6,A,"(0, 1, 5, 8)",Cad,C--,C--,A,,
489,C--,C--,6,A,"(0, 1, 5, 8)",Cad,C--,C--,A,,
490,C--,C--,6,A,"(0, 1, 5, 8)",Cad,C--,C--,A,,
491,C--,C--,6,A,"(0, 1, 5, 8)",Cad,C--,C--,A,,
492,C--,C--,6,A,"(0, 1, 5, 8)",Cad,C--,C--,A,,
493,C--,C--,6,A,"(0, 1, 5, 8)",Cad,C--,C--,A,,
494,C--,C--,6,A,"(0, 1, 5, 8)",Cad,C--,C--,A,,
495,C--,C--,6,A,"(0, 1, 5, 8)",Cad,C--,C--,A,,
496,C--,C--,6,A,"(0, 1, 5, 8)",Cad,C--,C--,A,,
497,C--,C--,6,A,"(0, 1, 5, 8)",Cad,C--,C--,A,,
498,C--,C--,6,A,"(0, 1, 5, 8)",Cad,C--,C--,A,,
499,C--,C--,6,A,"(0, 1, 5, 8)",Cad,C--,C--,A,,
500,C--,C--,6,A,"(0, 1, 5, 8)",Cad,C--,C--,A,,
501,C--,C--,6,A,"(0, 1, 5, 8)",Cad,C--,C--,A,,
502,C--,C--,6,A,"(0, 1, 5, 8)",Cad,C--,C--,A,,
503,C--,C--,6,A,"(0, 1, 5, 8)",Cad,C--,C--,A,,
504,C--,C--,6,A,"(0, 1, 5, 8)",Cad,C--,C--,A,,
505,C--,C--,6,A,"(0, 1, 5, 8)",Cad,C--,C--,A,,
506,C--,C--,6,A,"(0, 1, 5, 8)",Cad,C--,C--,A,,
507,C--,C--,6,A,"(0, 1, 5, 8)",Cad,C--,C--,A,,
508,C--,C--,6,A,"(0, 1, 5, 8)",Cad,C--,C--,A,,
509,C--,C--,6,A,"(0, 1, 5, 8)",Cad,C--,C--,A,,
510,C--,C--,6,A,"(0, 1, 5, 8)",Cad,C--,C--,A,,
511,C--,C--,6,A,"(0, 1, 5, 8)",Cad,C--,C--,A,,
512,C--,C--,6,A,"(0, 1, 5, 8)",Cad,C--,C--,A,,
513,C--,C--,6,A,"(0, 1, 5, 8)",Cad,C--,C--,A,,
514,C--,C--,6,A,"(0, 1, 5, 8)",Cad,C--,C--,A,,
515,C--,C--,6,A,"(0, 1, 5, 8)",Cad,C--,C--,A,,
516,C--,C--,6,A,"(0, 1, 5, 8)",Cad,C--,C--,A,,
517,C--,C--,6,A,"(0, 1, 5, 8)",Cad,C--,C--,A,,
518,C--,C--,6,A,"(0, 1, 5, 8)",Cad,C--,C--,A,,
519,C--,C--,6,A,"(0, 1, 5, 8)",Cad,C--,C--,A,,
520,C--,C--,6,A,"(0, 1, 5, 8)",Cad,C--,C--,A,,
521,C--,C--,6,A,"(0, 1, 5, 8)",Cad,C--,C--,A,,
522,C--,C--,6,A,"(0, 1, 5, 8)",Cad,C--,C--,A,,
523,C--,C--,6,A,"(0, 1, 5, 8)",Cad,C--,C--,A,,
524,C--,C--,6,A,"(0, 1, 5, 8)",Cad,C--,C--,A,,
525,C--,C--,6,A,"(0, 1, 5, 8)",Cad,C--,C--,A,,
526,C--,C--,6,A,"(0, 1, 5, 8)",Cad,C--,C--,A,,
527,C--,C--,6,A,"(0, 1, 5, 8)",Cad,C--,C--,A,,
528,C--,C--,6,A,"(0, 1, 5, 8)",Cad,C--,C--,A,,
529,C--,C--,6,A,"(0, 1, 5, 8)",Cad,C--,C--,A,,
530,C--,C--,6,A,"(0, 1, 5, 8)",Cad,C--,C--,A,,
531,C--,C--,6,A,"(0, 1, 5, 8)",Cad,C--,C--,A,,
532,C--,C--,6,A,"(0, 1, 5, 8)",Cad,C--,C--,A,,
533,C--,C--,6,A,"(0, 1, 5, 8)",Cad,C--,C--,A,,
534,C--,C--,6,A,"(0, 1, 5, 8)",Cad,C--,C--,A,,
535,C--,C--,6,A,"(0, 1, 5, 8)",Cad,C--,C--,A,,
536,C--,C--,6,A,"(0, 1, 5, 8)",Cad,C--,C--,A,,
537,C--,C--,6,A,"(0, 1, 5, 8)",Cad,C--,C--,A,,
538,C--,C--,6,A,"(0, 1, 5, 8)",Cad,C--,C--,A,,
539,C--,C--,6,A,"(0, 1, 5, 8)",Cad,C--,C--,A,,
540,C--,C--,6,A,"(0, 1, 5, 8)",Cad,C--,C--,A,,
541,C--,C--,6,A,"(0, 1, 5, 8)",Cad,C--,C--,A,,
542,C--,C--,6,A,"(0, 1, 5, 8)",Cad,C--,C--,A,,
543,C--,C--,6,A,"(0, 1, 5, 8)",Cad,C--,C--,A,,
544,C--,C--,6,A,"(0, 1, 5, 8)",Cad,C--,C--,A,,
545,C--,C--,6,A,"(0, 1, 5, 8)",Cad,C--,C--,A,,
546,C--,C--,6,A,"(0, 1, 5, 8)",Cad,C--,C--,A,,
547,C--,C--,6,A,"(0, 1, 5, 8)",Cad,C--,C--,A,,
548,C--,C--,6,A,"(0, 1, 5, 8)",Cad,C--,C--,A,,
549,C--,C--,6,A,"(0, 1, 5, 8)",Cad,C--,C--,A,,
550,C--,C--,6,A,"(0, 1, 5, 8)",Cad,C--,C--,A,,
551,C--,C--,6,A,"(0, 1, 5, 8)",Cad,C--,C--,A,,
552,C--,C--,6,A,"(0, 1, 5, 8)",Cad,C--,C--,A,,
553,C--,C--,6,A,"(0, 1, 5, 8)",Cad,C--,C--,A,,
554,C--,C--,6,A,"(0, 1, 5, 8)",Cad,C--,C--,A,,
555,C--,C--,6,A,"(0, 1, 5, 8)",Cad,C--,C--,A,,
556,C--,C--,6,A,"(0, 1, 5, 8)",Cad,C--,C--,A,,
557,C--,C--,6,A,"(0, 1, 5, 8)",Cad,C--,C--,A,,
558,C--,C--,6,A,"(0, 1, 5, 8)",Cad,C--,C--,A,,
559,C--,C--,6,A,"(0, 1, 5, 8)",Cad,C--,C--,A,,
560,C--,C--,6,A,"(0, 1, 5, 8)",Cad,C--,C--,A,,
561,C--,C--,6,A,"(0, 1, 5, 8)",Cad,C--,C--,A,,
562,C--,C--,6,A,"(0, 1, 5, 8)",Cad,C--,C--,A,,
563,C--,C--,6,A,"(0, 1, 5, 8)",Cad,C--,C--,A,,
564,C--,C--,6,A,"(0, 1, 5, 8)",Cad,C--,C--,A,,
565,C--,C--,6,A,"(0, 1, 5, 8)",Cad,C--,C--,A,,
566,C--,C--,6,A,"(0, 1, 5, 8)",Cad,C--,C--,A,,
567,C--,C--,6,A,"(0, 1, 5, 8)",Cad,C--,C--,A,,
568,C--,C--,6,A,"(0, 1, 5, 8)",Cad,C--,C--,A,,
569,C--,C--,6,A,"(0, 1, 5, 8)",Cad,C--,C--,A,,
570,C--,C--,6,A,"(0, 1, 5, 8)",Cad,C--,C--,A,,
571,C--,C--,6,A,"(0, 1, 5, 8)",Cad,C--,C--,A,,
572,C--,C--,6,A,"(0, 1, 5, 8)",Cad,C--,C--,A,,
573,C--,C--,6,A,"(0, 1, 5, 8)",Cad,C--,C--,A,,
574,C--,C--,6,A,"(0, 1, 5, 8)",Cad,C--,C--,A,,
575,C--,C--,6,A,"(0, 1, 5, 8)",Cad,C--,C--,A,,
576,C--,C--,6,A,"(0, 1, 5, 8)",Cad,C--,C--,A,,
577,C--,C--,6,A,"(0, 1, 5, 8)",Cad,C--,C--,A,,
578,C--,C--,6,A,"(0, 1, 5, 8)",Cad,C--,C--,A,,
579,C--,C--,6,A,"(0, 1, 5, 8)",Cad,C--,C--,A,,
580,C--,C--,6,A,"(0, 1, 5, 8)",Cad,C--,C--,A,,
581,C--,C--,6,A,"(0, 1, 5, 8)",Cad,C--,C--,A,,
582,C--,C--,6,A,"(0, 1, 5, 8)",Cad,C--,C--,A,,
583,C--,C--,6,A,"(0, 1, 5, 8)",Cad,C--,C--,A,,
584,C--,C--,6,A,"(0, 1, 5, 8)",Cad,C--,C--,A,,
585,C--,C--,6,A,"(0, 1, 5, 8)",Cad,C--,C--,A,,
586,C--,C--,6,A,"(0, 1, 5, 8)",Cad,C--,C--,A,,
587,C--,C--,6,A,"(0, 1, 5, 8)",Cad,C--,C--,A,,
588,C--,C--,6,A,"(0, 1, 5, 8)",Cad,C--,C--,A,,
589,C--,C--,6,A,"(0, 1, 5, 8)",Cad,C--,C--,A,,
590,C--,C--,6,A,"(0, 1, 5, 8)",Cad,C--,C--,A,,
591,C--,C--,6,A,"(0, 1, 5, 8)",Cad,C--,C--,A,,
592,C--,C--,6,A,"(0, 1, 5, 8)",Cad,C--,C--,A,,
593,C--,C--,6,A,"(0, 1, 5, 8)",Cad,C--,C--,A,,
594,C--,C--,6,A,"(0, 1, 5, 8)",Cad,C--,C--,A,,
595,C--,C--,6,A,"(0, 1, 5, 8)",Cad,C--,C--,A,,
596,C--,C--,6,A,"(0, 1, 5, 8)",Cad,C--,C--,A,,
597,C--,C--,6,A,"(0, 1, 5, 8)",Cad,C--,C--,A,,
598,C--,C--,6,A,"(0, 1, 5, 8)",Cad,C--,C--,A,,
599,C--,C--,6,A,"(0, 1, 5, 8)",Cad,C--,C--,A,,
600,C--,C--,6,A,"(0, 1, 5, 8)",Cad,C--,C--,A,,
601,C--,C--,6,A,"(0, 1, 5, 8)",Cad,C--,C--,A,,
602,C--,C--,6,A,"(0, 1, 5, 8)",Cad,C--,C--,A,,
603,C--,C--,6,A,"(0, 1, 5, 8)",Cad,C--,C--,A,,
604,C--,C--,6,A,"(0, 1, 5, 8)",Cad,C--,C--,A,,
605,C--,C--,6,A,"(0, 1, 5, 8)",Cad,C--,C--,A,,
606,C--,C--,6,A,"(0, 1, 5, 8)",Cad,C--,C--,A,,
607,C--,C--,6,A,"(0, 1, 5, 8)",Cad,C--,C--,A,,
608,C--,C--,6,A,"(0, 1, 5, 8)",Cad,C--,C--,A,,
609,C--,C--,6,A,"(0, 1, 5, 8)",Cad,C--,C--,A,,
610,C--,C--,6,A,"(0, 1, 5, 8)",Cad,C--,C--,A,,
611,C--,C--,6,A,"(0, 1, 5, 8)",Cad,C--,C--,A,,
612,C--,C--,6,A,"(0, 1, 5, 8)",Cad,C--,C--,A,,
613,C--,C--,6,A,"(0, 1, 5, 8)",Cad,C--,C--,A,,
614,C--,C--,6,A,"(0, 1, 5, 8)",Cad,C--,C--,A,,
615,C--,C--,6,A,"(0, 1, 5, 8)",Cad,C--,C--,A,,
616,C--,C--,6,A,"(0, 1, 5, 8)",Cad,C--,C--,A,,
617,C--,C--,6,A,"(0, 1, 5, 8)",Cad,C--,C--,A,,
618,C--,C--,6,A,"(0, 1, 5, 8)",Cad,C--,C--,A,,
619,C--,C--,6,A,"(0, 1, 5, 8)",Cad,C--,C--,A,,
620,C--,C--,6,A,"(0, 1, 5, 8)",Cad,C--,C--,A,,
621,C--,C--,6,A,"(0, 1, 5, 8)",Cad,C--,C--,A,,
622,C--,C--,6,A,"(0, 1, 5, 8)",Cad,C--,C--,A,,
623,C--,C--,6,A,"(0, 1, 5, 8)",Cad,C--,C--,A,,
624,C--,C--,6,A,"(0, 1, 5, 8)",Cad,C--,C--,A,,
625,C--,C--,6,A,"(0, 1, 5, 8)",Cad,C--,C--,A,,
626,C--,C--,6,A,"(0, 1, 5, 8)",Cad,C--,C--,A,,
627,C--,C--,6,A,"(0, 1, 5, 8)",Cad,C--,C--,A,,
628,C--,C--,6,A,"(0, 1, 5, 8)",Cad,C--,C--,A,,
629,C--,C--,6,A,"(0, 1, 5, 8)",Cad,C--,C--,A,,
630,C--,C--,6,A,"(0, 1, 5, 8)",Cad,C--,C--,A,,
631,C--,C--,6,A,"(0, 1, 5, 8)",Cad,C--,C--,A,,
632,C--,C--,6,A,"(0, 1, 5, 8)",Cad,C--,C--,A,,
633,C--,C--,6,A,"(0, 1, 5, 8)",Cad,C--,C--,A,,
634,C--,C--,6,A,"(0, 1, 5, 8)",Cad,C--,C--,A,,
635,C--,C--,6,A,"(0, 1, 5, 8)",Cad,C--,C--,A,,
636,C--,C--,6,A,"(0, 1, 5, 8)",Cad,C--,C--,A,,
637,C--,C--,6,A,"(0, 1, 5, 8)",Cad,C--,C--,A,,
638,C--,C--,6,A,"(0, 1, 5, 8)",Cad,C--,C--,A,,
639,C--,C--,6,A,"(0, 1, 5, 8)",Cad,C--,C--,A,,
